{"iter": 181000, "train/loss": 3.46370792388916, "val/loss": 3.463677406311035, "lr": 0.0004891606857702766, "mfu": 11.183942385348718, "_timestamp": 1710748872.7244864, "_runtime": 1098414.0720844269, "_step": 181, "_wandb": {"runtime": 1100396}}